Url,Title,Description,Review,Category,"IP Address","IP Region",Datasource,Url_type,Url_level1,Url_level2,Url_level3,"Created At","Updated At"
http://4t47.com/,Unknown,,,SSC,,,JCLIB,http,http://4t47.com,NA,NA,"2018-08-10 02:18:03","2018-08-10 02:18:03"
http://2520520.com/,Unknown,,,SSC,,,JCLIB,http,http://2520520.com,NA,NA,"2018-08-10 02:18:15","2018-08-10 02:18:15"
http://77678cp.com/,Unknown,,,SSC,,,JCLIB,http,http://77678cp.com,NA,NA,"2018-08-10 02:18:15","2018-08-10 02:18:15"
http://fh429.com/,Unknown,,,SSC,,,JCLIB,http,http://fh429.com,NA,NA,"2018-08-10 02:18:15","2018-08-10 02:18:15"
http://00050044.com/,Unknown,,,SSC,,,JCLIB,http,http://00050044.com,NA,NA,"2018-08-10 02:18:15","2018-08-10 02:18:15"
http://00050077.com/,Unknown,,,SSC,,,JCLIB,http,http://00050077.com,NA,NA,"2018-08-10 02:18:15","2018-08-10 02:18:15"
http://00050088.com/,Unknown,,,SSC,,,JCLIB,http,http://00050088.com,NA,NA,"2018-08-10 02:18:16","2018-08-10 02:18:16"
http://114008.com/,Unknown,,,SSC,,,JCLIB,http,http://114008.com,NA,NA,"2018-08-10 02:18:16","2018-08-10 02:18:16"
http://15eccc.com/,Unknown,,,SSC,,,JCLIB,http,http://15eccc.com,NA,NA,"2018-08-10 02:18:16","2018-08-10 02:18:16"
http://2322500.com/,Unknown,,,SSC,,,JCLIB,http,http://2322500.com,NA,NA,"2018-08-10 02:18:16","2018-08-10 02:18:16"
http://38cp00.com/,Unknown,,,SSC,,,JCLIB,http,http://38cp00.com,NA,NA,"2018-08-10 02:18:16","2018-08-10 02:18:16"
http://38cp11.com/,Unknown,,,SSC,,,JCLIB,http,http://38cp11.com,NA,NA,"2018-08-10 02:18:16","2018-08-10 02:18:16"
http://38cp22.com/,Unknown,,,SSC,,,JCLIB,http,http://38cp22.com,NA,NA,"2018-08-10 02:18:16","2018-08-10 02:18:16"
http://38cp33.com/,Unknown,,,SSC,,,JCLIB,http,http://38cp33.com,NA,NA,"2018-08-10 02:18:16","2018-08-10 02:18:16"
http://38cp44.com/,Unknown,,,SSC,,,JCLIB,http,http://38cp44.com,NA,NA,"2018-08-10 02:18:16","2018-08-10 02:18:16"
http://38cp55.com/,Unknown,,,SSC,,,JCLIB,http,http://38cp55.com,NA,NA,"2018-08-10 02:18:16","2018-08-10 02:18:16"
http://38cp66.com/,Unknown,,,SSC,,,JCLIB,http,http://38cp66.com,NA,NA,"2018-08-10 02:18:16","2018-08-10 02:18:16"
http://38cp77.com/,Unknown,,,SSC,,,JCLIB,http,http://38cp77.com,NA,NA,"2018-08-10 02:18:16","2018-08-10 02:18:16"
http://38cp88.com/,Unknown,,,SSC,,,JCLIB,http,http://38cp88.com,NA,NA,"2018-08-10 02:18:16","2018-08-10 02:18:16"
http://38cp99.com/,Unknown,,,SSC,,,JCLIB,http,http://38cp99.com,NA,NA,"2018-08-10 02:18:16","2018-08-10 02:18:16"
http://djcp099.com/,Unknown,,,SSC,,,JCLIB,http,http://djcp099.com,NA,NA,"2018-08-10 02:18:16","2018-08-10 02:18:16"
http://776588e.com/,Unknown,,,SSC,,,CUSTOMER_DAHAI,http,http://776588e.com,NA,NA,"2018-08-10 02:18:16","2018-08-10 03:50:39"
http://www.8828fff.com/,Unknown,,,SSC,,,JCLIB,http,http://www.8828fff.com,NA,NA,"2018-08-10 02:18:16","2018-08-10 02:18:16"
http://www.lefa821.com/index/,Unknown,,2018-08-10,SSC,,,JCLIB,http,http://www.lefa821.com,http://www.lefa821.com/index,NA,"2018-08-10 02:18:16","2018-08-10 03:31:30"
http://lefa808.com/,Unknown,,2018-08-10,SSC,,,JCLIB,http,http://lefa808.com,NA,NA,"2018-08-10 02:18:16","2018-08-10 03:28:44"
http://www.8851dl.com/,Unknown,,,SSC,,,CUSTOMER_KEVIN,http,http://www.8851dl.com,NA,NA,"2018-08-10 05:16:23","2018-08-10 05:17:55"
http://dz8851.com,Unknown,,,SSC,,,CUSTOMER_KEVIN,http,http://dz8851.com,NA,NA,"2018-08-10 05:16:23","2018-08-10 05:17:55"
http://www.202913.com,Unknown,,,SSC,,,CUSTOMER_KEVIN,http,http://www.202913.com,NA,NA,"2018-08-10 05:16:23","2018-08-10 05:17:55"
http://18019.com,Unknown,,,SSC,,,CUSTOMER_KEVIN,http,http://18019.com,NA,NA,"2018-08-10 05:16:23","2018-08-10 05:17:55"
http://ys86666.com,Unknown,,,SSC,,,CUSTOMER_KEVIN,http,http://ys86666.com,NA,NA,"2018-08-10 05:16:23","2018-08-10 05:17:55"
http://ys87777.com,Unknown,,,SSC,,,CUSTOMER_KEVIN,http,http://ys87777.com,NA,NA,"2018-08-10 05:16:24","2018-08-10 05:17:55"
http://ys89999.com,,,,BC,,,JCLIB,http,http://ys89999.com,NA,NA,"2018-08-10 05:16:24","2018-08-12 03:47:38"
http://www.11051106.com,Unknown,,,SSC,,,CUSTOMER_KEVIN,http,http://www.11051106.com,NA,NA,"2018-08-10 05:16:24","2018-08-10 05:17:55"
http://www.work668.com,Unknown,,,SSC,,,CUSTOMER_KEVIN,http,http://www.work668.com,NA,NA,"2018-08-10 05:16:24","2018-08-10 05:17:55"
http://34239a.com/,Unknown,,,SSC,,,CUSTOMER_KEVIN,http,http://34239a.com,NA,NA,"2018-08-10 05:16:24","2018-08-10 05:17:55"
http://www.333379.com,Unknown,,,SSC,,,CUSTOMER_KEVIN,http,http://www.333379.com,NA,NA,"2018-08-10 05:16:24","2018-08-10 05:17:55"
http://www.345808.com,Unknown,,,SSC,,,CUSTOMER_KEVIN,http,http://www.345808.com,NA,NA,"2018-08-10 05:16:24","2018-08-10 05:17:55"
http://www.5488.cm/,Unknown,,,SSC,,,CUSTOMER_KEVIN,http,http://www.5488.cm,NA,NA,"2018-08-10 05:16:24","2018-08-10 05:17:55"
http://www.alcp33.com,,,,BC,,,JCLIB,http,http://www.alcp33.com,NA,NA,"2018-08-10 05:16:24","2018-08-12 03:46:34"
http://www.qm000.vip,,,,BC,,,JCLIB,http,http://www.qm000.vip,NA,NA,"2018-08-10 05:16:24","2018-08-12 03:47:24"
http://www.qm111.vip,,,,BC,,,JCLIB,http,http://www.qm111.vip,NA,NA,"2018-08-10 05:16:24","2018-08-12 03:47:24"
http://www.qm222.vip,,,,BC,,,JCLIB,http,http://www.qm222.vip,NA,NA,"2018-08-10 05:16:24","2018-08-12 03:47:24"
http://88c.com,Unknown,,,SSC,,,CUSTOMER_KEVIN,http,http://88c.com,NA,NA,"2018-08-10 05:16:24","2018-08-10 05:17:56"
http://www.yc2058.com,Unknown,,,SSC,,,CUSTOMER_KEVIN,http,http://www.yc2058.com,NA,NA,"2018-08-10 05:16:24","2018-08-10 05:17:56"
http://www.yc0395.com,Unknown,,,SSC,,,CUSTOMER_KEVIN,http,http://www.yc0395.com,NA,NA,"2018-08-10 05:16:24","2018-08-10 05:17:56"
http://www.yc3568.com/,Unknown,,,SSC,,,CUSTOMER_KEVIN,http,http://www.yc3568.com,NA,NA,"2018-08-10 05:16:24","2018-08-10 05:17:56"
http://www.yc2596.com/,Unknown,,,SSC,,,CUSTOMER_KEVIN,http,http://www.yc2596.com,NA,NA,"2018-08-10 05:16:24","2018-08-10 05:17:56"
http://www.yc8620.com/,Unknown,,,SSC,,,CUSTOMER_KEVIN,http,http://www.yc8620.com,NA,NA,"2018-08-10 05:16:24","2018-08-10 05:17:56"
http://www.yc6529.com/,Unknown,,,SSC,,,CUSTOMER_KEVIN,http,http://www.yc6529.com,NA,NA,"2018-08-10 05:16:24","2018-08-10 05:17:56"
http://www.fyyl999.com,Unknown,,,SSC,,,CUSTOMER_KEVIN,http,http://www.fyyl999.com,NA,NA,"2018-08-10 05:16:24","2018-08-10 05:17:56"
http://www.txhv1.com,Unknown,,,SSC,,,CUSTOMER_KEVIN,http,http://www.txhv1.com,NA,NA,"2018-08-10 05:16:24","2018-08-10 05:17:56"
http://www.jch688.com/,Unknown,,,SSC,,,CUSTOMER_KEVIN,http,http://www.jch688.com,NA,NA,"2018-08-10 05:16:24","2018-08-10 05:17:56"
http://3332ab.com,Unknown,,,SSC,,,CUSTOMER_KEVIN,http,http://3332ab.com,NA,NA,"2018-08-10 05:16:24","2018-08-10 05:17:56"
http://ty5518.com,Unknown,,,SSC,,,CUSTOMER_KEVIN,http,http://ty5518.com,NA,NA,"2018-08-10 05:16:24","2018-08-10 05:17:56"
http://www.kkj666.com,Unknown,,2018-08-13,SSC,,,CUSTOMER_KEVIN,http,http://www.kkj666.com,NA,NA,"2018-08-10 05:16:25","2018-08-13 02:51:51"
http://www.7964c.com,Unknown,,,SSC,,,CUSTOMER_KEVIN,http,http://www.7964c.com,NA,NA,"2018-08-10 05:16:25","2018-08-10 05:17:58"
http://www.78033.com/,Unknown,,,SSC,,,CUSTOMER_KEVIN,http,http://www.78033.com,NA,NA,"2018-08-10 05:16:25","2018-08-10 05:17:58"
http://915678.com,Unknown,,,SSC,,,CUSTOMER_KEVIN,http,http://915678.com,NA,NA,"2018-08-10 05:16:25","2018-08-10 05:17:58"
http://www.45966.com/,Unknown,,,SSC,,,CUSTOMER_KEVIN,http,http://www.45966.com,NA,NA,"2018-08-10 05:16:25","2018-08-10 05:17:58"
http://www.451111.com/,Unknown,,,SSC,,,CUSTOMER_KEVIN,http,http://www.451111.com,NA,NA,"2018-08-10 05:16:25","2018-08-10 05:17:58"
http://5802b.com,Unknown,,,SSC,,,CUSTOMER_KEVIN,http,http://5802b.com,NA,NA,"2018-08-10 05:16:25","2018-08-10 05:17:58"
http://www.580203.com,Unknown,,,SSC,,,CUSTOMER_KEVIN,http,http://www.580203.com,NA,NA,"2018-08-10 05:16:25","2018-08-10 05:17:58"
http://z5802.com,Unknown,,,SSC,,,CUSTOMER_KEVIN,http,http://z5802.com,NA,NA,"2018-08-10 05:16:25","2018-08-10 05:17:58"
http://www.924942.com,Unknown,,,SSC,,,CUSTOMER_KEVIN,http,http://www.924942.com,NA,NA,"2018-08-10 05:16:25","2018-08-10 05:17:58"
http://www.9249zzz.com/,Unknown,,,SSC,,,CUSTOMER_KEVIN,http,http://www.9249zzz.com,NA,NA,"2018-08-10 05:16:25","2018-08-10 05:17:58"
http://www.9249g.com,Unknown,,,SSC,,,CUSTOMER_KEVIN,http,http://www.9249g.com,NA,NA,"2018-08-10 05:16:25","2018-08-10 05:17:58"
http://fff.311033.com,Unknown,,,SSC,,,CUSTOMER_KEVIN,http,http://fff.311033.com,NA,NA,"2018-08-10 05:16:25","2018-08-10 05:17:58"
http://88sjkj.com/,Unknown,,,SSC,,,CUSTOMER_KEVIN,http,http://88sjkj.com,NA,NA,"2018-08-10 05:16:25","2018-08-10 05:17:59"
http://123sjkj.com/,Unknown,,,SSC,,,CUSTOMER_KEVIN,http,http://123sjkj.com,NA,NA,"2018-08-10 05:16:25","2018-08-10 05:17:59"
http://118sjkj.com/,Unknown,,,SSC,,,CUSTOMER_KEVIN,http,http://118sjkj.com,NA,NA,"2018-08-10 05:16:25","2018-08-10 05:17:59"
http://www.043988.com,Unknown,,,SSC,,,CUSTOMER_KEVIN,http,http://www.043988.com,NA,NA,"2018-08-10 05:16:25","2018-08-10 05:17:59"
http://www.sjlzp.com/,Unknown,,,SSC,,,CUSTOMER_KEVIN,http,http://www.sjlzp.com,NA,NA,"2018-08-10 05:16:25","2018-08-10 05:17:59"
http://cc33.com,Unknown,,,SSC,,,CUSTOMER_KEVIN,http,http://cc33.com,NA,NA,"2018-08-10 05:16:25","2018-08-10 05:17:59"
http://www.pao449.com/,Unknown,,,SSC,,,CUSTOMER_KEVIN,http,http://www.pao449.com,NA,NA,"2018-08-10 05:16:25","2018-08-10 05:17:59"
http://66666ab.cc,Unknown,,,SSC,,,CUSTOMER_KEVIN,http,http://66666ab.cc,NA,NA,"2018-08-10 05:16:25","2018-08-10 05:17:59"
http://www.66666ee.cc,Unknown,,,SSC,,,CUSTOMER_KEVIN,http,http://www.66666ee.cc,NA,NA,"2018-08-10 05:16:26","2018-08-10 05:17:59"
http://www.66666pp.cc,Unknown,,,SSC,,,CUSTOMER_KEVIN,http,http://www.66666pp.cc,NA,NA,"2018-08-10 05:16:26","2018-08-10 05:17:59"
http://www.66666vv.cc,Unknown,,,SSC,,,CUSTOMER_KEVIN,http,http://www.66666vv.cc,NA,NA,"2018-08-10 05:16:26","2018-08-10 05:17:59"
http://www.66666ff.cc,Unknown,,,SSC,,,CUSTOMER_KEVIN,http,http://www.66666ff.cc,NA,NA,"2018-08-10 05:16:26","2018-08-10 05:17:59"
http://www.66666zz.cc,Unknown,,,SSC,,,CUSTOMER_KEVIN,http,http://www.66666zz.cc,NA,NA,"2018-08-10 05:16:26","2018-08-10 05:17:59"
http://www.66666ll.cc,Unknown,,,SSC,,,CUSTOMER_KEVIN,http,http://www.66666ll.cc,NA,NA,"2018-08-10 05:16:26","2018-08-10 05:17:59"
http://sfzdh.com.cn/,Unknown,,,SSC,,,CUSTOMER_KEVIN,http,http://sfzdh.com.cn,NA,NA,"2018-08-10 05:16:26","2018-08-10 05:17:59"
http://www.168bb.vip,Unknown,,,SSC,,,CUSTOMER_KEVIN,http,http://www.168bb.vip,NA,NA,"2018-08-10 05:16:26","2018-08-10 05:17:59"
http://16803344.com,Unknown,,,SSC,,,CUSTOMER_KEVIN,http,http://16803344.com,NA,NA,"2018-08-10 05:16:26","2018-08-10 05:17:59"
http://168kcw.com/,Unknown,,,SSC,,,CUSTOMER_KEVIN,http,http://168kcw.com,NA,NA,"2018-08-10 05:16:26","2018-08-10 05:17:59"
http://www.pp7789.com,Unknown,,,SSC,,,CUSTOMER_KEVIN,http,http://www.pp7789.com,NA,NA,"2018-08-10 05:16:26","2018-08-10 05:17:59"
http://www.pp11888.com,Unknown,,,SSC,,,CUSTOMER_KEVIN,http,http://www.pp11888.com,NA,NA,"2018-08-10 05:16:26","2018-08-10 05:17:59"
http://www.pp22888.com,Unknown,,,SSC,,,CUSTOMER_KEVIN,http,http://www.pp22888.com,NA,NA,"2018-08-10 05:16:26","2018-08-10 05:17:59"
http://www.pp33888.com,Unknown,,,SSC,,,CUSTOMER_KEVIN,http,http://www.pp33888.com,NA,NA,"2018-08-10 05:16:26","2018-08-10 05:18:00"
http://www.pp44888.com,Unknown,,,SSC,,,CUSTOMER_KEVIN,http,http://www.pp44888.com,NA,NA,"2018-08-10 05:16:26","2018-08-10 05:18:00"
http://www.pp55888.com,Unknown,,,SSC,,,CUSTOMER_KEVIN,http,http://www.pp55888.com,NA,NA,"2018-08-10 05:16:26","2018-08-10 05:18:00"
http://www.pp66888.com,Unknown,,,SSC,,,CUSTOMER_KEVIN,http,http://www.pp66888.com,NA,NA,"2018-08-10 05:16:26","2018-08-10 05:18:00"
http://www.pp77888.com,Unknown,,,SSC,,,CUSTOMER_KEVIN,http,http://www.pp77888.com,NA,NA,"2018-08-10 05:16:26","2018-08-10 05:18:00"
http://www.380.com,Unknown,,,SSC,,,CUSTOMER_KEVIN,http,http://www.380.com,NA,NA,"2018-08-10 05:16:26","2018-08-10 05:18:00"
http://k3zhcw.com,Unknown,,,SSC,,,CUSTOMER_KEVIN,http,http://k3zhcw.com,NA,NA,"2018-08-10 05:16:26","2018-08-10 05:18:00"
http://www.sdkuoxin.com/,Unknown,,,SSC,,,CUSTOMER_KEVIN,http,http://www.sdkuoxin.com,NA,NA,"2018-08-10 05:16:26","2018-08-10 05:18:00"
http://www.109sheji.com/,Unknown,,,SSC,,,CUSTOMER_KEVIN,http,http://www.109sheji.com,NA,NA,"2018-08-10 05:16:26","2018-08-10 05:18:00"
http://www.518ikm.com/,Unknown,,,SSC,,,CUSTOMER_KEVIN,http,http://www.518ikm.com,NA,NA,"2018-08-10 05:16:26","2018-08-10 05:18:00"
http://www.au566.com/,Unknown,,,SSC,,,CUSTOMER_KEVIN,http,http://www.au566.com,NA,NA,"2018-08-10 05:16:26","2018-08-10 05:18:00"
http://www.wpx138.com/,Unknown,,,SSC,,,CUSTOMER_KEVIN,http,http://www.wpx138.com,NA,NA,"2018-08-10 05:16:26","2018-08-10 05:18:00"
http://www.loc538.com/,Unknown,,,SSC,,,CUSTOMER_KEVIN,http,http://www.loc538.com,NA,NA,"2018-08-10 05:16:26","2018-08-10 05:18:00"
http://www.518222.info/,Unknown,,,SSC,,,CUSTOMER_KEVIN,http,http://www.518222.info,NA,NA,"2018-08-10 05:16:26","2018-08-10 05:18:00"
http://www.433055.com,Unknown,,,SSC,,,CUSTOMER_KEVIN,http,http://www.433055.com,NA,NA,"2018-08-10 05:16:26","2018-08-10 05:18:00"
http://www.jxqsjhb.com/,Unknown,,,SSC,,,CUSTOMER_KEVIN,http,http://www.jxqsjhb.com,NA,NA,"2018-08-10 05:16:26","2018-08-10 05:18:00"
http://3699899.com,Unknown,,,SSC,,,CUSTOMER_KEVIN,http,http://3699899.com,NA,NA,"2018-08-10 05:16:26","2018-08-10 05:18:00"
http://jinminghuojia.com/,Unknown,,,SSC,,,CUSTOMER_KEVIN,http,http://jinminghuojia.com,NA,NA,"2018-08-10 05:16:26","2018-08-10 05:18:00"
http://99ylcp.com,Unknown,,,SSC,,,CUSTOMER_KEVIN,http,http://99ylcp.com,NA,NA,"2018-08-10 05:16:26","2018-08-10 05:18:00"
http://www.fh556.com,Unknown,,,SSC,,,CUSTOMER_KEVIN,http,http://www.fh556.com,NA,NA,"2018-08-10 05:16:26","2018-08-10 05:18:00"
http://www.395999a.com,Unknown,,,SSC,,,CUSTOMER_KEVIN,http,http://www.395999a.com,NA,NA,"2018-08-10 05:16:26","2018-08-10 05:18:01"
http://www.395999b.com,Unknown,,,SSC,,,CUSTOMER_KEVIN,http,http://www.395999b.com,NA,NA,"2018-08-10 05:16:26","2018-08-10 05:18:01"
http://www.395999c.com,Unknown,,,SSC,,,CUSTOMER_KEVIN,http,http://www.395999c.com,NA,NA,"2018-08-10 05:16:26","2018-08-10 05:18:01"
http://www.395999d.com,Unknown,,,SSC,,,CUSTOMER_KEVIN,http,http://www.395999d.com,NA,NA,"2018-08-10 05:16:26","2018-08-10 05:18:01"
http://www.395999e.com,Unknown,,,SSC,,,CUSTOMER_KEVIN,http,http://www.395999e.com,NA,NA,"2018-08-10 05:16:26","2018-08-10 05:18:01"
http://www.395999f.com,Unknown,,,SSC,,,CUSTOMER_KEVIN,http,http://www.395999f.com,NA,NA,"2018-08-10 05:16:26","2018-08-10 05:18:01"
http://alcp33.com,,,,BC,,,JCLIB,http,http://alcp33.com,NA,NA,"2018-08-10 05:16:26","2018-08-12 03:46:34"
http://www.33313.com,Unknown,,,SSC,,,CUSTOMER_KEVIN,http,http://www.33313.com,NA,NA,"2018-08-10 05:16:26","2018-08-10 05:18:01"
http://www.111job.net,Unknown,,,SSC,,,CUSTOMER_KEVIN,http,http://www.111job.net,NA,NA,"2018-08-10 05:16:27","2018-08-10 05:18:01"
http://www.xllgs.com,Unknown,,,SSC,,,CUSTOMER_KEVIN,http,http://www.xllgs.com,NA,NA,"2018-08-10 05:16:27","2018-08-10 05:18:01"
http://zhengcai003.com,Unknown,,,SSC,,,CUSTOMER_KEVIN,http,http://zhengcai003.com,NA,NA,"2018-08-10 05:16:27","2018-08-10 05:18:02"
http://zhengcai004.com,Unknown,,,SSC,,,CUSTOMER_KEVIN,http,http://zhengcai004.com,NA,NA,"2018-08-10 05:16:27","2018-08-10 05:18:02"
http://zhengcai005.com,,,,BC,,,JCLIB,http,http://zhengcai005.com,NA,NA,"2018-08-10 05:16:27","2018-08-12 03:46:43"
http://zhengcai006.com,Unknown,,,SSC,,,CUSTOMER_KEVIN,http,http://zhengcai006.com,NA,NA,"2018-08-10 05:16:27","2018-08-10 05:18:02"
http://zhengcai007.com,Unknown,,,SSC,,,CUSTOMER_KEVIN,http,http://zhengcai007.com,NA,NA,"2018-08-10 05:16:27","2018-08-10 05:18:02"
http://www.jdznk.com,Unknown,,,SSC,,,CUSTOMER_KEVIN,http,http://www.jdznk.com,NA,NA,"2018-08-10 05:16:27","2018-08-10 05:18:02"
http://www.yc2022.com,Unknown,,,SSC,,,CUSTOMER_KEVIN,http,http://www.yc2022.com,NA,NA,"2018-08-10 05:16:27","2018-08-10 05:18:03"
http://zy.8kcd.com,Unknown,,,SSC,,,CUSTOMER_KEVIN,http,http://zy.8kcd.com,NA,NA,"2018-08-10 05:16:27","2018-08-10 05:18:03"
http://zy.yijiadq.com,Unknown,,,SSC,,,CUSTOMER_KEVIN,http,http://zy.yijiadq.com,NA,NA,"2018-08-10 05:16:27","2018-08-10 05:18:03"
http://www.xinle2018.com,Unknown,,,SSC,,,CUSTOMER_KEVIN,http,http://www.xinle2018.com,NA,NA,"2018-08-10 05:16:27","2018-08-10 05:18:03"
http://www.xinle1.com,Unknown,,,SSC,,,CUSTOMER_KEVIN,http,http://www.xinle1.com,NA,NA,"2018-08-10 05:16:27","2018-08-10 05:18:03"
http://www.xinle2.com,Unknown,,,SSC,,,CUSTOMER_KEVIN,http,http://www.xinle2.com,NA,NA,"2018-08-10 05:16:27","2018-08-10 05:18:03"
http://www.xinle3.com,Unknown,,,SSC,,,CUSTOMER_KEVIN,http,http://www.xinle3.com,NA,NA,"2018-08-10 05:16:27","2018-08-10 05:18:03"
http://www.xinle518.com,,,,BC,,,JCLIB,http,http://www.xinle518.com,NA,NA,"2018-08-10 05:16:27","2018-08-12 03:46:54"
http://www.1980cai.com,Unknown,,,SSC,,,CUSTOMER_KEVIN,http,http://www.1980cai.com,NA,NA,"2018-08-10 05:16:28","2018-08-10 05:18:03"
http://www.gyyxlm.com,Unknown,,,SSC,,,CUSTOMER_KEVIN,http,http://www.gyyxlm.com,NA,NA,"2018-08-10 05:16:28","2018-08-10 05:18:03"
http://bpqil.com,Unknown,,,SSC,,,CUSTOMER_KEVIN,http,http://bpqil.com,NA,NA,"2018-08-10 05:16:28","2018-08-10 05:18:03"
http://dprag.com,Unknown,,,SSC,,,CUSTOMER_KEVIN,http,http://dprag.com,NA,NA,"2018-08-10 05:16:28","2018-08-10 05:18:03"
http://fijqj.com,Unknown,,,SSC,,,CUSTOMER_KEVIN,http,http://fijqj.com,NA,NA,"2018-08-10 05:16:28","2018-08-10 05:18:03"
http://sd115599.com,Unknown,,,SSC,,,CUSTOMER_KEVIN,http,http://sd115599.com,NA,NA,"2018-08-10 05:16:28","2018-08-10 05:18:03"
http://www.xs6868.com,Unknown,,,SSC,,,CUSTOMER_KEVIN,http,http://www.xs6868.com,NA,NA,"2018-08-10 05:16:28","2018-08-10 05:18:03"
http://www.cpheyi.com,Unknown,,,SSC,,,CUSTOMER_KEVIN,http,http://www.cpheyi.com,NA,NA,"2018-08-10 05:16:28","2018-08-10 05:18:03"
http://www.tangr168.info,Unknown,,,SSC,,,CUSTOMER_KEVIN,http,http://www.tangr168.info,NA,NA,"2018-08-10 05:16:28","2018-08-10 05:18:03"
http://www.qq361.co,Unknown,,,SSC,,,CUSTOMER_KEVIN,http,http://www.qq361.co,NA,NA,"2018-08-10 05:16:28","2018-08-10 05:18:03"
http://www.ecp888.com/,Unknown,,,SSC,,,CUSTOMER_KEVIN,http,http://www.ecp888.com,NA,NA,"2018-08-10 05:16:28","2018-08-10 05:18:08"
http://www.52cp.cn/,Unknown,,,SSC,,,CUSTOMER_KEVIN,http,http://www.52cp.cn,NA,NA,"2018-08-10 05:16:28","2018-08-10 05:18:06"
http://www.duobaopingtai.com/,Unknown,,,SSC,,,CUSTOMER_KEVIN,http,http://www.duobaopingtai.com,NA,NA,"2018-08-10 05:16:28","2018-08-10 05:18:04"
http://www.9haossc.com/,Unknown,,,SSC,,,CUSTOMER_KEVIN,http,http://www.9haossc.com,NA,NA,"2018-08-10 05:16:28","2018-08-10 05:18:09"
http://gilove.com/,Unknown,,,SSC,,,CUSTOMER_KEVIN,http,http://gilove.com,NA,NA,"2018-08-10 05:16:28","2018-08-10 05:18:04"
http://9haopt.com/,Unknown,,,SSC,,,CUSTOMER_KEVIN,http,http://9haopt.com,NA,NA,"2018-08-10 05:16:28","2018-08-10 05:18:04"
http://613456.com/,Unknown,,,SSC,,,CUSTOMER_KEVIN,http,http://613456.com,NA,NA,"2018-08-10 05:16:28","2018-08-10 05:18:04"
http://www.szonlyme.com/,Unknown,,,SSC,,,CUSTOMER_KEVIN,http,http://www.szonlyme.com,NA,NA,"2018-08-10 05:16:28","2018-08-10 05:18:04"
http://jieludiban.com/,Unknown,,,SSC,,,CUSTOMER_KEVIN,http,http://jieludiban.com,NA,NA,"2018-08-10 05:16:28","2018-08-10 05:18:04"
http://www.ywcdkj.com,Unknown,,,SSC,,,CUSTOMER_KEVIN,http,http://www.ywcdkj.com,NA,NA,"2018-08-10 05:16:28","2018-08-10 05:18:04"
http://www.ativanwopresc.com/,Unknown,,,SSC,,,CUSTOMER_KEVIN,http,http://www.ativanwopresc.com,NA,NA,"2018-08-10 05:16:28","2018-08-10 05:18:04"
http://www.szifashion.com/,Unknown,,,SSC,,,CUSTOMER_KEVIN,http,http://www.szifashion.com,NA,NA,"2018-08-10 05:16:28","2018-08-10 05:18:04"
http://6666442.com,Unknown,,,SSC,,,CUSTOMER_KEVIN,http,http://6666442.com,NA,NA,"2018-08-10 05:16:28","2018-08-10 05:18:04"
http://6666443.com/,Unknown,,,SSC,,,CUSTOMER_KEVIN,http,http://6666443.com,NA,NA,"2018-08-10 05:16:28","2018-08-10 05:18:04"
http://yzhigher.com/,Unknown,,,SSC,,,CUSTOMER_KEVIN,http,http://yzhigher.com,NA,NA,"2018-08-10 05:16:28","2018-08-10 05:18:04"
http://www.114td.com/,Unknown,,,SSC,,,CUSTOMER_KEVIN,http,http://www.114td.com,NA,NA,"2018-08-10 05:16:28","2018-08-10 05:18:04"
http://www.qinglvwangming.net,Unknown,,,SSC,,,CUSTOMER_KEVIN,http,http://www.qinglvwangming.net,NA,NA,"2018-08-10 05:16:28","2018-08-10 05:18:04"
http://www.portraitphotographerwales.com/,Unknown,,,SSC,,,CUSTOMER_KEVIN,http,http://www.portraitphotographerwales.com,NA,NA,"2018-08-10 05:16:28","2018-08-10 05:18:05"
http://www.sdyswines.com/,Unknown,,,SSC,,,CUSTOMER_KEVIN,http,http://www.sdyswines.com,NA,NA,"2018-08-10 05:16:28","2018-08-10 05:18:05"
http://zjlajd.com/,Unknown,,,SSC,,,CUSTOMER_KEVIN,http,http://zjlajd.com,NA,NA,"2018-08-10 05:16:28","2018-08-10 05:18:05"
http://www.cqwmgg.com/,Unknown,,,SSC,,,CUSTOMER_KEVIN,http,http://www.cqwmgg.com,NA,NA,"2018-08-10 05:16:28","2018-08-10 05:18:05"
http://lailishisuye.com/,Unknown,,,SSC,,,CUSTOMER_KEVIN,http,http://lailishisuye.com,NA,NA,"2018-08-10 05:16:29","2018-08-10 05:18:05"
http://shmuchun.com/,Unknown,,,SSC,,,CUSTOMER_KEVIN,http,http://shmuchun.com,NA,NA,"2018-08-10 05:16:29","2018-08-10 05:18:05"
http://www.jh-pvc.com/,Unknown,,,SSC,,,CUSTOMER_KEVIN,http,http://www.jh-pvc.com,NA,NA,"2018-08-10 05:16:29","2018-08-10 05:18:05"
http://www.ystdec.com/,Unknown,,,SSC,,,CUSTOMER_KEVIN,http,http://www.ystdec.com,NA,NA,"2018-08-10 05:16:29","2018-08-10 05:18:05"
http://www.benpaoshengwu.com/,Unknown,,,SSC,,,CUSTOMER_KEVIN,http,http://www.benpaoshengwu.com,NA,NA,"2018-08-10 05:16:29","2018-08-10 05:18:05"
http://www.ridajixie.com/,Unknown,,,SSC,,,CUSTOMER_KEVIN,http,http://www.ridajixie.com,NA,NA,"2018-08-10 05:16:29","2018-08-10 05:18:05"
http://www.dy960.com,Unknown,,,SSC,,,CUSTOMER_KEVIN,http,http://www.dy960.com,NA,NA,"2018-08-10 05:16:29","2018-08-10 05:18:05"
http://043262221222.com/,Unknown,,,SSC,,,CUSTOMER_KEVIN,http,http://043262221222.com,NA,NA,"2018-08-10 05:16:29","2018-08-10 05:18:05"
http://www.cboiler.com/,Unknown,,,SSC,,,CUSTOMER_KEVIN,http,http://www.cboiler.com,NA,NA,"2018-08-10 05:16:29","2018-08-10 05:18:05"
http://www.jxckbm.com/,Unknown,,,SSC,,,CUSTOMER_KEVIN,http,http://www.jxckbm.com,NA,NA,"2018-08-10 05:16:29","2018-08-10 05:18:05"
http://www.cyber-ruiya.com/,Unknown,,,SSC,,,CUSTOMER_KEVIN,http,http://www.cyber-ruiya.com,NA,NA,"2018-08-10 05:16:29","2018-08-10 05:18:05"
http://www.zgscshxh.com/,Unknown,,,SSC,,,CUSTOMER_KEVIN,http,http://www.zgscshxh.com,NA,NA,"2018-08-10 05:16:29","2018-08-10 05:18:05"
http://boyinfund.cn/,Unknown,,,SSC,,,CUSTOMER_KEVIN,http,http://boyinfund.cn,NA,NA,"2018-08-10 05:16:29","2018-08-10 05:18:05"
http://www.lyglevisqi.com/,Unknown,,,SSC,,,CUSTOMER_KEVIN,http,http://www.lyglevisqi.com,NA,NA,"2018-08-10 05:16:29","2018-08-10 05:18:05"
http://www.jpg127.com,Unknown,,,SSC,,,CUSTOMER_KEVIN,http,http://www.jpg127.com,NA,NA,"2018-08-10 05:16:29","2018-08-10 05:18:05"
http://www.jpg128.com,Unknown,,,SSC,,,CUSTOMER_KEVIN,http,http://www.jpg128.com,NA,NA,"2018-08-10 05:16:29","2018-08-10 05:18:05"
http://www.jpgcp8.com/,Unknown,,,SSC,,,CUSTOMER_KEVIN,http,http://www.jpgcp8.com,NA,NA,"2018-08-10 05:16:29","2018-08-10 05:18:05"
http://www.36fq.com/,Unknown,,,SSC,,,CUSTOMER_KEVIN,http,http://www.36fq.com,NA,NA,"2018-08-10 05:16:29","2018-08-10 05:18:05"
http://www.pzsfyx.com/,Unknown,,,SSC,,,CUSTOMER_KEVIN,http,http://www.pzsfyx.com,NA,NA,"2018-08-10 05:16:29","2018-08-10 05:18:06"
http://xmm339.net:888/,Unknown,,,SSC,,,CUSTOMER_KEVIN,http,http://xmm339.net,NA,NA,"2018-08-10 05:16:29","2018-08-10 05:18:06"
http://ccu343.net:888/,Unknown,,,SSC,,,CUSTOMER_KEVIN,http,http://ccu343.net,NA,NA,"2018-08-10 05:16:29","2018-08-10 05:18:06"
http://buk489.net:888/,Unknown,,,SSC,,,CUSTOMER_KEVIN,http,http://buk489.net,NA,NA,"2018-08-10 05:16:29","2018-08-10 05:18:06"
http://vef695.net:888/,Unknown,,,SSC,,,CUSTOMER_KEVIN,http,http://vef695.net,NA,NA,"2018-08-10 05:16:29","2018-08-10 05:18:06"
http://hnu533.net:888/,Unknown,,,SSC,,,CUSTOMER_KEVIN,http,http://hnu533.net,NA,NA,"2018-08-10 05:16:29","2018-08-10 05:18:06"
http://bgy555.net:888/,Unknown,,,SSC,,,CUSTOMER_KEVIN,http,http://bgy555.net,NA,NA,"2018-08-10 05:16:29","2018-08-10 05:18:06"
http://jga727.net:888/,Unknown,,,SSC,,,CUSTOMER_KEVIN,http,http://jga727.net,NA,NA,"2018-08-10 05:16:29","2018-08-10 05:18:06"
http://qyg374.net:888/,Unknown,,,SSC,,,CUSTOMER_KEVIN,http,http://qyg374.net,NA,NA,"2018-08-10 05:16:29","2018-08-10 05:18:06"
http://wjz463.net:888/,Unknown,,,SSC,,,CUSTOMER_KEVIN,http,http://wjz463.net,NA,NA,"2018-08-10 05:16:29","2018-08-10 05:18:06"
http://qeh226.net:888/,Unknown,,,SSC,,,CUSTOMER_KEVIN,http,http://qeh226.net,NA,NA,"2018-08-10 05:16:29","2018-08-10 05:18:06"
http://mzp935.net:888/,Unknown,,,SSC,,,CUSTOMER_KEVIN,http,http://mzp935.net,NA,NA,"2018-08-10 05:16:29","2018-08-10 05:18:06"
http://dwm356.net:888/,Unknown,,,SSC,,,CUSTOMER_KEVIN,http,http://dwm356.net,NA,NA,"2018-08-10 05:16:29","2018-08-10 05:18:06"
http://pqx559.net:888/,Unknown,,,SSC,,,CUSTOMER_KEVIN,http,http://pqx559.net,NA,NA,"2018-08-10 05:16:29","2018-08-10 05:18:06"
http://jhc495.net:888/,Unknown,,,SSC,,,CUSTOMER_KEVIN,http,http://jhc495.net,NA,NA,"2018-08-10 05:16:29","2018-08-10 05:18:06"
http://hdz734.net:888/,Unknown,,,SSC,,,CUSTOMER_KEVIN,http,http://hdz734.net,NA,NA,"2018-08-10 05:16:29","2018-08-10 05:18:06"
http://hkc689.com,Unknown,,,SSC,,,CUSTOMER_KEVIN,http,http://hkc689.com,NA,NA,"2018-08-10 05:16:29","2018-08-10 05:18:06"
http://c53.cc,Unknown,,,SSC,,,CUSTOMER_KEVIN,http,http://c53.cc,NA,NA,"2018-08-10 05:16:29","2018-08-10 05:18:06"
http://www.lccppt411.cn/,Unknown,,,SSC,,,CUSTOMER_KEVIN,http,http://www.lccppt411.cn,NA,NA,"2018-08-10 05:16:29","2018-08-10 05:18:06"
http://whaojie.com/,Unknown,,,SSC,,,CUSTOMER_KEVIN,http,http://whaojie.com,NA,NA,"2018-08-10 05:16:29","2018-08-10 05:18:06"
http://xzmjmh.com/,Unknown,,,SSC,,,CUSTOMER_KEVIN,http,http://xzmjmh.com,NA,NA,"2018-08-10 05:16:29","2018-08-10 05:18:06"
http://www.v808jc.com,Unknown,,,SSC,,,CUSTOMER_KEVIN,http,http://www.v808jc.com,NA,NA,"2018-08-10 05:16:29","2018-08-10 05:18:06"
http://www.xin80888.com,Unknown,,,SSC,,,CUSTOMER_KEVIN,http,http://www.xin80888.com,NA,NA,"2018-08-10 05:16:29","2018-08-10 05:18:06"
http://www.cqyinqin.com/,Unknown,,,SSC,,,CUSTOMER_KEVIN,http,http://www.cqyinqin.com,NA,NA,"2018-08-10 05:16:29","2018-08-10 05:18:06"
http://zhencheng138.com/,Unknown,,,SSC,,,CUSTOMER_KEVIN,http,http://zhencheng138.com,NA,NA,"2018-08-10 05:16:29","2018-08-10 05:18:06"
http://97zxc.com/,Unknown,,,SSC,,,CUSTOMER_KEVIN,http,http://97zxc.com,NA,NA,"2018-08-10 05:16:29","2018-08-10 05:18:06"
http://qdaseanfood.cn/,Unknown,,,SSC,,,CUSTOMER_KEVIN,http,http://qdaseanfood.cn,NA,NA,"2018-08-10 05:16:29","2018-08-10 05:18:07"
http://www.hbccjg.com/,Unknown,,,SSC,,,CUSTOMER_KEVIN,http,http://www.hbccjg.com,NA,NA,"2018-08-10 05:16:29","2018-08-10 05:18:07"
http://wktjzx.com/,Unknown,,,SSC,,,CUSTOMER_KEVIN,http,http://wktjzx.com,NA,NA,"2018-08-10 05:16:29","2018-08-10 05:18:07"
http://www.ddxmg.com/,Unknown,,,SSC,,,CUSTOMER_KEVIN,http,http://www.ddxmg.com,NA,NA,"2018-08-10 05:16:29","2018-08-10 05:18:07"
http://hxsxgj.com/,Unknown,,,SSC,,,CUSTOMER_KEVIN,http,http://hxsxgj.com,NA,NA,"2018-08-10 05:16:30","2018-08-10 05:18:07"
http://www.zhnhcl.com/,Unknown,,,SSC,,,CUSTOMER_KEVIN,http,http://www.zhnhcl.com,NA,NA,"2018-08-10 05:16:30","2018-08-10 05:18:07"
http://www.zgbaoqiang.com/,Unknown,,,SSC,,,CUSTOMER_KEVIN,http,http://www.zgbaoqiang.com,NA,NA,"2018-08-10 05:16:30","2018-08-10 05:18:07"
http://www.yiquantang.com/,Unknown,,,SSC,,,CUSTOMER_KEVIN,http,http://www.yiquantang.com,NA,NA,"2018-08-10 05:16:30","2018-08-10 05:18:07"
http://www.fjhjgs.com/,Unknown,,,SSC,,,CUSTOMER_KEVIN,http,http://www.fjhjgs.com,NA,NA,"2018-08-10 05:16:30","2018-08-10 05:18:07"
http://www.ayashalev.com/,Unknown,,,SSC,,,CUSTOMER_KEVIN,http,http://www.ayashalev.com,NA,NA,"2018-08-10 05:16:30","2018-08-10 05:18:07"
http://www.sh-yuanze.com/,Unknown,,,SSC,,,CUSTOMER_KEVIN,http,http://www.sh-yuanze.com,NA,NA,"2018-08-10 05:16:30","2018-08-10 05:18:07"
http://cc877.com/,Unknown,,,SSC,,,CUSTOMER_KEVIN,http,http://cc877.com,NA,NA,"2018-08-10 05:16:30","2018-08-10 05:18:07"
http://cc856.com/,Unknown,,,SSC,,,CUSTOMER_KEVIN,http,http://cc856.com,NA,NA,"2018-08-10 05:16:30","2018-08-10 05:18:07"
http://www.hztesw.com/,Unknown,,,SSC,,,CUSTOMER_KEVIN,http,http://www.hztesw.com,NA,NA,"2018-08-10 05:16:30","2018-08-10 05:18:07"
http://888.705j.com,Unknown,,,SSC,,,CUSTOMER_KEVIN,http,http://888.705j.com,NA,NA,"2018-08-10 05:16:30","2018-08-10 05:18:07"
http://888.klwkyy.com,Unknown,,,SSC,,,CUSTOMER_KEVIN,http,http://888.klwkyy.com,NA,NA,"2018-08-10 05:16:30","2018-08-10 05:18:07"
http://888.kliiy.com,Unknown,,,SSC,,,CUSTOMER_KEVIN,http,http://888.kliiy.com,NA,NA,"2018-08-10 05:16:30","2018-08-10 05:18:07"
http://888.klk18.cn,Unknown,,,SSC,,,CUSTOMER_KEVIN,http,http://888.klk18.cn,NA,NA,"2018-08-10 05:16:30","2018-08-10 05:18:07"
http://www.siemensdq.com/,Unknown,,,SSC,,,CUSTOMER_KEVIN,http,http://www.siemensdq.com,NA,NA,"2018-08-10 05:16:30","2018-08-10 05:18:07"
http://www.jingsidun.com/,Unknown,,,SSC,,,CUSTOMER_KEVIN,http,http://www.jingsidun.com,NA,NA,"2018-08-10 05:16:30","2018-08-10 05:18:07"
http://www.hrpp.co,Unknown,,,SSC,,,CUSTOMER_KEVIN,http,http://www.hrpp.co,NA,NA,"2018-08-10 05:16:30","2018-08-10 05:18:07"
http://www.hrppq.org,Unknown,,,SSC,,,CUSTOMER_KEVIN,http,http://www.hrppq.org,NA,NA,"2018-08-10 05:16:30","2018-08-10 05:18:07"
http://www.hrpp.cloud,Unknown,,,SSC,,,CUSTOMER_KEVIN,http,http://www.hrpp.cloud,NA,NA,"2018-08-10 05:16:30","2018-08-10 05:18:07"
http://www.hrpqq.info,Unknown,,,SSC,,,CUSTOMER_KEVIN,http,http://www.hrpqq.info,NA,NA,"2018-08-10 05:16:30","2018-08-10 05:18:07"
http://www.hrppq.info,Unknown,,,SSC,,,CUSTOMER_KEVIN,http,http://www.hrppq.info,NA,NA,"2018-08-10 05:16:30","2018-08-10 05:18:07"
http://www.shengda6666.com/,Unknown,,,SSC,,,CUSTOMER_KEVIN,http,http://www.shengda6666.com,NA,NA,"2018-08-10 05:16:30","2018-08-10 05:18:07"
http://www.kmzyjm.com/,Unknown,,,SSC,,,CUSTOMER_KEVIN,http,http://www.kmzyjm.com,NA,NA,"2018-08-10 05:16:30","2018-08-10 05:18:07"
http://www.jspgsh.com/,Unknown,,,SSC,,,CUSTOMER_KEVIN,http,http://www.jspgsh.com,NA,NA,"2018-08-10 05:16:30","2018-08-10 05:18:07"
http://ahlypw.com/,Unknown,,,SSC,,,CUSTOMER_KEVIN,http,http://ahlypw.com,NA,NA,"2018-08-10 05:16:30","2018-08-10 05:18:07"
http://ganchaoren.com/,Unknown,,,SSC,,,CUSTOMER_KEVIN,http,http://ganchaoren.com,NA,NA,"2018-08-10 05:16:30","2018-08-10 05:18:07"
http://shirudao.com/,Unknown,,,SSC,,,CUSTOMER_KEVIN,http,http://shirudao.com,NA,NA,"2018-08-10 05:16:30","2018-08-10 05:18:07"
http://www.iqingnian.com/,Unknown,,,SSC,,,CUSTOMER_KEVIN,http,http://www.iqingnian.com,NA,NA,"2018-08-10 05:16:30","2018-08-10 05:18:08"
http://www.sxhxsb.com/,Unknown,,,SSC,,,CUSTOMER_KEVIN,http,http://www.sxhxsb.com,NA,NA,"2018-08-10 05:16:30","2018-08-10 05:18:08"
http://www.nj52ey.cn/,Unknown,,,SSC,,,CUSTOMER_KEVIN,http,http://www.nj52ey.cn,NA,NA,"2018-08-10 05:16:30","2018-08-10 05:18:08"
http://www.lcsdezx.com/,Unknown,,,SSC,,,CUSTOMER_KEVIN,http,http://www.lcsdezx.com,NA,NA,"2018-08-10 05:16:30","2018-08-10 05:18:08"
http://www.ttg96.com/,Unknown,,,SSC,,,CUSTOMER_KEVIN,http,http://www.ttg96.com,NA,NA,"2018-08-10 05:16:30","2018-08-10 05:18:08"
http://www.jixiang98.com,Unknown,,,SSC,,,CUSTOMER_KEVIN,http,http://www.jixiang98.com,NA,NA,"2018-08-10 05:16:31","2018-08-10 05:18:08"
http://jx5.com/,Unknown,,,SSC,,,CUSTOMER_KEVIN,http,http://jx5.com,NA,NA,"2018-08-10 05:16:31","2018-08-10 05:18:08"
http://cpw008.com/,Unknown,,2018-08-11,SSC,,,CUSTOMER_KEVIN,http,http://cpw008.com,NA,NA,"2018-08-10 05:16:31","2018-08-11 02:13:48"
http://cpw018.com/,Unknown,,2018-08-12,SSC,,,CUSTOMER_KEVIN,http,http://cpw018.com,NA,NA,"2018-08-10 05:16:31","2018-08-12 02:02:33"
http://cpw06.com/,Unknown,,2018-08-10,SSC,,,CUSTOMER_KEVIN,http,http://cpw06.com,NA,NA,"2018-08-10 05:16:31","2018-08-10 16:07:02"
http://yyosso.com/,Unknown,,2018-08-10,SSC,,,CUSTOMER_KEVIN,http,http://yyosso.com,NA,NA,"2018-08-10 05:16:31","2018-08-10 16:03:08"
http://144msc.com,,,,BC,,,JCLIB,http,http://144msc.com,NA,NA,"2018-08-12 03:01:37","2018-08-12 03:53:12"
http://146msc.com,,,,BC,,,JCLIB,http,http://146msc.com,NA,NA,"2018-08-12 03:01:37","2018-08-12 03:53:12"
http://147hg.com,,,,BC,,,JCLIB,http,http://147hg.com,NA,NA,"2018-08-12 03:01:37","2018-08-12 03:53:12"
http://1484ii.com,,,,BC,,,JCLIB,http,http://1484ii.com,NA,NA,"2018-08-12 03:01:37","2018-08-12 03:53:12"
http://1484jj.com,,,,BC,,,JCLIB,http,http://1484jj.com,NA,NA,"2018-08-12 03:01:37","2018-08-12 03:53:12"
http://1484kk.com,,,,BC,,,JCLIB,http,http://1484kk.com,NA,NA,"2018-08-12 03:01:37","2018-08-12 03:53:12"
http://1484ll.com,,,,BC,,,JCLIB,http,http://1484ll.com,NA,NA,"2018-08-12 03:01:37","2018-08-12 03:53:12"
http://1484mm.com,,,,BC,,,JCLIB,http,http://1484mm.com,NA,NA,"2018-08-12 03:01:37","2018-08-12 03:53:12"
http://1484oo.com,,,,BC,,,JCLIB,http,http://1484oo.com,NA,NA,"2018-08-12 03:01:37","2018-08-12 03:53:12"
http://1484pp.com,,,,BC,,,JCLIB,http,http://1484pp.com,NA,NA,"2018-08-12 03:01:37","2018-08-12 03:53:12"
http://1484qq.com,,,,BC,,,JCLIB,http,http://1484qq.com,NA,NA,"2018-08-12 03:01:37","2018-08-12 03:53:12"
http://1484ss.com,,,,BC,,,JCLIB,http,http://1484ss.com,NA,NA,"2018-08-12 03:01:37","2018-08-12 03:53:12"
http://1484tt.com,,,,BC,,,JCLIB,http,http://1484tt.com,NA,NA,"2018-08-12 03:01:37","2018-08-12 03:53:12"
http://1484uu.com,,,,BC,,,JCLIB,http,http://1484uu.com,NA,NA,"2018-08-12 03:01:37","2018-08-12 03:53:12"
http://1484vv.com,,,,BC,,,JCLIB,http,http://1484vv.com,NA,NA,"2018-08-12 03:01:37","2018-08-12 03:53:12"
http://1484xx.com,,,,BC,,,JCLIB,http,http://1484xx.com,NA,NA,"2018-08-12 03:01:37","2018-08-12 03:53:12"
http://148win.com,,,,BC,,,JCLIB,http,http://148win.com,NA,NA,"2018-08-12 03:01:37","2018-08-12 03:53:12"
http://149msc.com,,,,BC,,,JCLIB,http,http://149msc.com,NA,NA,"2018-08-12 03:01:37","2018-08-12 03:53:12"
http://14hg.com,,,,BC,,,JCLIB,http,http://14hg.com,NA,NA,"2018-08-12 03:01:37","2018-08-12 03:53:12"
http://154msc.com,,,,BC,,,JCLIB,http,http://154msc.com,NA,NA,"2018-08-12 03:01:37","2018-08-12 03:53:12"
http://157.cc,,,,BC,,,JCLIB,http,http://157.cc,NA,NA,"2018-08-12 03:01:37","2018-08-12 03:53:12"
http://1577999.com,,,,BC,,,JCLIB,http,http://1577999.com,NA,NA,"2018-08-12 03:01:37","2018-08-12 03:53:12"
http://157bet.com,,,,BC,,,JCLIB,http,http://157bet.com,NA,NA,"2018-08-12 03:01:37","2018-08-12 03:53:12"
http://157suncity.com,,,,BC,,,JCLIB,http,http://157suncity.com,NA,NA,"2018-08-12 03:01:37","2018-08-12 03:53:12"
http://1585222.com,,,,BC,,,JCLIB,http,http://1585222.com,NA,NA,"2018-08-12 03:01:37","2018-08-12 03:53:12"
http://158bwin.com,,,,BC,,,JCLIB,http,http://158bwin.com,NA,NA,"2018-08-12 03:01:37","2018-08-12 03:53:12"
http://16.com,,,,BC,,,JCLIB,http,http://16.com,NA,NA,"2018-08-12 03:01:37","2018-08-12 03:53:12"
http://1616msc.com,,,,BC,,,JCLIB,http,http://1616msc.com,NA,NA,"2018-08-12 03:01:37","2018-08-12 03:53:12"
http://164msc.com,,,,BC,,,JCLIB,http,http://164msc.com,NA,NA,"2018-08-12 03:01:37","2018-08-12 03:53:12"
http://167412.xjhbet.com,,,,BC,,,JCLIB,http,http://167412.xjhbet.com,NA,NA,"2018-08-12 03:01:37","2018-08-12 03:53:12"
http://16777.com,,,,BC,,,JCLIB,http,http://16777.com,NA,NA,"2018-08-12 03:01:37","2018-08-12 03:53:12"
http://168bcttw.com,,,2018-08-12,BC,,,JCLIB,http,http://168bcttw.com,NA,NA,"2018-08-12 03:01:37","2018-08-12 04:16:21"
